﻿<?xml version="1.0" encoding="utf-8" ?>
<ColumnMapping>
  <add key ="Caption" value ="8"/>
  <add key ="DataType" value ="10"/>
  <add key ="FieldValue" value ="11"/>
  <add key ="Default" value ="14"/>
  <add key ="Minimum" value ="16"/>
  <add key ="Maximum" value ="18"/>
  <add key ="MaxLength" value ="20"/>
  <add key ="FormatMask" value ="21"/>
  <add key ="HideShow" value ="23"/>
  <add key ="Required" value ="25"/>
  <add key ="ReadOnly" value ="27"/>
  <add key ="Annotations" value ="29"/>
</ColumnMapping>