﻿<?xml version="1.0" encoding="utf-8" ?>
<Configuration>
  <Environments>
    <Environment>
      <Name>Local</Name>
      <ServerURL>http://localhost:8023/ServerPolicy/DCTServer.aspx</ServerURL>
      <UserName>LAWCOVERadmin</UserName>
      <Password>!!4obs4Nrx</Password>
    </Environment>
    <Environment>
      <Name>VM</Name>
      <ServerURL>http://localhost/ServerPolicy/DCTserver.aspx</ServerURL>
      <UserName>AIOSUITEADMIN</UserName>
      <Password>1DCTPOND$</Password>
    </Environment>
  </Environments>
 </Configuration>